{
  "Frontend/tailwind.config.ts": 1776057621.8351417,
  "Frontend/eslint.config.js": 1774591024.0,
  "Frontend/vite.config.ts": 1776267061.9380672,
  "Frontend/postcss.config.js": 1774591024.0,
  "Frontend/capacitor.config.ts": 1775017026.7339418,
  "Frontend/public/sw.js": 1774987630.7984734,
  "Frontend/src/App.tsx": 1776340533.0692868,
  "Frontend/src/main.tsx": 1776328653.620642,
  "Frontend/src/vite-env.d.ts": 1776328653.7493098,
  "Frontend/src/contexts/AuthContext.tsx": 1776328897.694238,
  "Frontend/src/components/CreditScoreGauge.tsx": 1776331163.2425342,
  "Frontend/src/components/CompactWorkflowTrail.tsx": 1776328653.6904032,
  "Frontend/src/components/WorkflowStatusTrail.tsx": 1776328653.691416,
  "Frontend/src/components/LoanStatusBadge.tsx": 1776328653.6923718,
  "Frontend/src/components/RoleAssignModal.tsx": 1776410334.1628547,
  "Frontend/src/components/DashboardRedirect.tsx": 1776328653.6961288,
  "Frontend/src/components/MobileBottomNav.tsx": 1776331051.1928718,
  "Frontend/src/components/MobileStatCarousel.tsx": 1776328653.7032967,
  "Frontend/src/components/NotificationBell.tsx": 1776328936.9855752,
  "Frontend/src/components/StatCard.tsx": 1776328653.7069325,
  "Frontend/src/components/BankFormModal.tsx": 1776328936.9836926,
  "Frontend/src/components/MobilePageSwitcher.tsx": 1776328653.7116516,
  "Frontend/src/components/NavLink.tsx": 1776328653.7137666,
  "Frontend/src/components/WorkflowActions.tsx": 1776328653.7176375,
  "Frontend/src/components/SingleLineWorkflowTrail.tsx": 1776328653.720492,
  "Frontend/src/components/FeatureCarousel.tsx": 1776328653.7226236,
  "Frontend/src/components/ProfileCompletionModal.tsx": 1776328653.7248132,
  "Frontend/src/components/DashboardLayout.tsx": 1776419741.3448691,
  "Frontend/src/components/RoleInfo.tsx": 1776328653.7342038,
  "Frontend/src/components/PDDStatusBadge.tsx": 1776328653.7362757,
  "Frontend/src/components/RoleProtectedRoute.tsx": 1776328653.7375479,
  "Frontend/src/components/MiniWorkflowTrail.tsx": 1776328653.7393644,
  "Frontend/src/components/FetchCreditModal.tsx": 1776409462.4986987,
  "Frontend/src/components/DocumentPreviewCard.tsx": 1776751021.1307507,
  "Frontend/src/components/WorkflowStatus.tsx": 1776328653.7415318,
  "Frontend/src/components/PDDForm.tsx": 1776328936.9862556,
  "Frontend/src/components/RemarksModal.tsx": 1776328936.987063,
  "Frontend/src/components/AuthImageSlider.tsx": 1776328653.747539,
  "Frontend/src/components/ui/aspect-ratio.tsx": 1776328653.6232145,
  "Frontend/src/components/ui/alert-dialog.tsx": 1776328653.624484,
  "Frontend/src/components/ui/pagination.tsx": 1776328653.6255376,
  "Frontend/src/components/ui/tabs.tsx": 1776328653.626406,
  "Frontend/src/components/ui/card.tsx": 1776328653.6274972,
  "Frontend/src/components/ui/slider.tsx": 1776328653.6282582,
  "Frontend/src/components/ui/popover.tsx": 1776328653.6293297,
  "Frontend/src/components/ui/progress.tsx": 1776328653.630313,
  "Frontend/src/components/ui/toaster.tsx": 1776328653.6311245,
  "Frontend/src/components/ui/input-otp.tsx": 1776328653.631938,
  "Frontend/src/components/ui/chart.tsx": 1776328653.6328652,
  "Frontend/src/components/ui/hover-card.tsx": 1776328653.6339474,
  "Frontend/src/components/ui/sheet.tsx": 1776328653.6350393,
  "Frontend/src/components/ui/scroll-area.tsx": 1776328653.6361997,
  "Frontend/src/components/ui/resizable.tsx": 1776328653.6370647,
  "Frontend/src/components/ui/label.tsx": 1776328653.637736,
  "Frontend/src/components/ui/sonner.tsx": 1776328653.6388726,
  "Frontend/src/components/ui/navigation-menu.tsx": 1776328653.6399946,
  "Frontend/src/components/ui/accordion.tsx": 1776328653.6426797,
  "Frontend/src/components/ui/drawer.tsx": 1776328653.6444569,
  "Frontend/src/components/ui/tooltip.tsx": 1776328653.645557,
  "Frontend/src/components/ui/alert.tsx": 1776328653.646995,
  "Frontend/src/components/ui/use-toast.ts": 1776328653.647944,
  "Frontend/src/components/ui/switch.tsx": 1776328653.6490996,
  "Frontend/src/components/ui/calendar.tsx": 1776328653.650652,
  "Frontend/src/components/ui/breadcrumb.tsx": 1776328653.6524942,
  "Frontend/src/components/ui/radio-group.tsx": 1776328653.6536925,
  "Frontend/src/components/ui/command.tsx": 1776328653.655443,
  "Frontend/src/components/ui/toggle-group.tsx": 1776328653.6569676,
  "Frontend/src/components/ui/avatar.tsx": 1776328653.658422,
  "Frontend/src/components/ui/menubar.tsx": 1776328653.6599755,
  "Frontend/src/components/ui/dialog.tsx": 1776328653.6616933,
  "Frontend/src/components/ui/badge.tsx": 1776328653.663338,
  "Frontend/src/components/ui/sidebar.tsx": 1776328653.6662798,
  "Frontend/src/components/ui/table.tsx": 1776328653.668013,
  "Frontend/src/components/ui/separator.tsx": 1776328653.669712,
  "Frontend/src/components/ui/button.tsx": 1776328653.6714122,
  "Frontend/src/components/ui/toggle.tsx": 1776328653.6725974,
  "Frontend/src/components/ui/toast.tsx": 1776328653.6743827,
  "Frontend/src/components/ui/checkbox.tsx": 1776328653.675882,
  "Frontend/src/components/ui/collapsible.tsx": 1776328653.6771662,
  "Frontend/src/components/ui/dropdown-menu.tsx": 1776328653.67879,
  "Frontend/src/components/ui/select.tsx": 1776328653.6806734,
  "Frontend/src/components/ui/textarea.tsx": 1776328653.6820805,
  "Frontend/src/components/ui/input.tsx": 1776328653.683133,
  "Frontend/src/components/ui/skeleton.tsx": 1776328653.6841342,
  "Frontend/src/components/ui/context-menu.tsx": 1776328653.686512,
  "Frontend/src/components/ui/form.tsx": 1776328653.6881309,
  "Frontend/src/components/ui/carousel.tsx": 1776328653.6892455,
  "Frontend/src/hooks/use-mobile.tsx": 1776328653.7522316,
  "Frontend/src/hooks/use-toast.ts": 1776328653.7544208,
  "Frontend/src/lib/pdf-export.ts": 1776328653.7573102,
  "Frontend/src/lib/workflow.ts": 1776328653.7600944,
  "Frontend/src/lib/notifications.ts": 1776328936.989364,
  "Frontend/src/lib/permissions.ts": 1776400891.804513,
  "Frontend/src/lib/schemes.ts": 1776328653.7721202,
  "Frontend/src/lib/utils.ts": 1776332156.3960478,
  "Frontend/src/lib/api.ts": 1776749276.0407553,
  "Frontend/src/lib/export-utils.ts": 1776328653.779032,
  "Frontend/src/lib/types.ts": 1776328653.780043,
  "Frontend/src/lib/constants.ts": 1776329951.8630924,
  "Frontend/src/lib/biometric.ts": 1776328653.7823536,
  "Frontend/src/lib/auth.ts": 1776328653.783496,
  "Frontend/src/pages/Index.tsx": 1776328653.7848425,
  "Frontend/src/pages/Download.tsx": 1776328653.7861578,
  "Frontend/src/pages/Reports.tsx": 1776328653.7879834,
  "Frontend/src/pages/CreateLoan.tsx": 1776750786.9068878,
  "Frontend/src/pages/WorkflowDemo.tsx": 1776328653.7938344,
  "Frontend/src/pages/SubventionGrid.tsx": 1776340819.4801054,
  "Frontend/src/pages/ExternalApiLogs.tsx": 1776328653.7950873,
  "Frontend/src/pages/Login.tsx": 1776751465.990818,
  "Frontend/src/pages/PrivacyPolicy.tsx": 1776328653.7982218,
  "Frontend/src/pages/Dashboard.tsx": 1776336463.462024,
  "Frontend/src/pages/MyBrokers.tsx": 1776410352.3187006,
  "Frontend/src/pages/SchemeManagement.tsx": 1776340751.0745685,
  "Frontend/src/pages/PaymentApplicationForm.tsx": 1776754935.9095469,
  "Frontend/src/pages/Commission.tsx": 1776404830.9096632,
  "Frontend/src/pages/BankManagement.tsx": 1776328936.9907925,
  "Frontend/src/pages/PermissionManagement.tsx": 1776328653.8088202,
  "Frontend/src/pages/AccountDashboard.tsx": 1776419201.2479687,
  "Frontend/src/pages/PDDTracking.tsx": 1776328937.0019286,
  "Frontend/src/pages/UserManagement.tsx": 1776340112.0555801,
  "Frontend/src/pages/AddLead.tsx": 1776660326.2122118,
  "Frontend/src/pages/CreatePaymentApplication.tsx": 1776752108.050808,
  "Frontend/src/pages/CreditReports.tsx": 1776334569.2020133,
  "Frontend/src/pages/CreatePaymentVoucher.tsx": 1776328936.9981155,
  "Frontend/src/pages/ModelManagement.tsx": 1776340781.075812,
  "Frontend/src/pages/TermsOfService.tsx": 1776328653.8190372,
  "Frontend/src/pages/PaymentDetail.tsx": 1776750991.6432269,